{
    "customer": {
        "name": "Igal",
        "balance": 500,
        "imageURL": "img/igal.jpg"
    },
    "products": [
        {
            "id": 1,
            "name": "Wave Art",
            "_price": 80,
            "imageURL": "img/arts1.jpg",
            "shippableTo": [
                "Israel"
            ],
            "hasVAT": true,
            "category": "arts"
        },
        {
            "id": 2,
            "name": "Eye Gazer",
            "_price": 120,
            "imageURL": "img/arts2.jpg",
            "shippableTo": [
                "Israel",
                "France"
            ],
            "hasVAT": false,
            "category": "arts" 
        },
        {
            "id": 3,
            "name": "Scenic Stones",
            "_price": 150,
            "imageURL": "img/arts3.jpg",
            "shippableTo": [
                "Israel"
            ],
            "hasVAT": true,
            "category": "arts"
        },
        {
            "id": 4,
            "name": "Fractal",
            "_price": 140,
            "imageURL": "img/arts4.jpg",
            "shippableTo": [
                "Israel",
                "France"
            ],
            "hasVAT": false,
            "category": "arts" 
        },
        {
            "id": 5,
            "name": "Tribal #1",
            "_price": 200,
            "imageURL": "img/arts5.jpg",
            "shippableTo": [
                "Israel"
            ],
            "hasVAT": true,
            "category": "arts"
        },
        {
            "id": 6,
            "name": "Tribal #2",
            "_price": 250,
            "imageURL": "img/arts6.jpg",
            "shippableTo": [
                "Israel",
                "France"
            ],
            "hasVAT": false,
            "category": "arts" 
        },
        {
            "id": 7,
            "name": "Abstract Painting",
            "_price": 70,
            "imageURL": "img/arts7.jpg",
            "shippableTo": [
                "Israel"
            ],
            "hasVAT": true,
            "category": "arts"
        },
        {
            "id": 8,
            "name": "Geometric Patterns",
            "_price": 90,
            "imageURL": "img/arts8.jpg",
            "shippableTo": [
                "Israel",
                "France"
            ],
            "hasVAT": true,
            "category": "arts" 
        },  {
            "id": 9,
            "name": "Dog Jacket",
            "_price": 35,
            "imageURL": "img/fashion9.jpg",
            "shippableTo": [
                "Israel"
            ],
            "hasVAT": true,
            "category": "fashion"
        },
        {
            "id": 10,
            "name": "Drink Beer t-shirt",
            "_price": 13,
            "imageURL": "img/fashion10.jpg",
            "shippableTo": [
                "Israel",
                "France"
            ],
            "hasVAT": false,
            "category": "fashion" 
        },   {
            "id": 11,
            "name": "Sports Jacket",
            "_price": 70,
            "imageURL": "img/fashion11.jpg",
            "shippableTo": [
                "Israel"
            ],
            "hasVAT": true,
            "category": "fashion"
        },
        {
            "id": 12,
            "name": "Psychedelic t-shirt",
            "_price": 50,
            "imageURL": "img/fashion12.jpg",
            "shippableTo": [
                "Israel",
                "France"
            ],
            "hasVAT": false,
            "category": "fashion" 
        },   {
            "id": 13,
            "name": "Elegant Jacket",
            "_price": 150,
            "imageURL": "img/fashion13.jpg",
            "shippableTo": [
                "Israel"
            ],
            "hasVAT": true,
            "category": "fashion"
        },
        {
            "id": 14,
            "name": "Sports Jacket",
            "_price": 220,
            "imageURL": "img/fashion14.jpg",
            "shippableTo": [
                "Israel",
                "France"
            ],
            "hasVAT": false,
            "category": "fashion" 
        },   
        {
            "id": 15,
            "name": "White Top",
            "_price": 60,
            "imageURL": "img/fashion15.jpg",
            "shippableTo": [
                "Israel"
            ],
            "hasVAT": true,
            "category": "fashion"
        },
        {
            "id": 16,
            "name": "Corona Cap",
            "_price": 15,
            "imageURL": "img/fashion16.jpg",
            "shippableTo": [
                "Israel",
                "France"
            ],
            "hasVAT": false,
            "category": "fashion" 
        }
    ],
    "cart": {
        "checkedOut": false
    }
}